condition,seed,n_nodes,target,channel,lag_s,group,r2,nrmse
instantaneous,,48,EDA t-1s,EDA,1,fast 1-3 s,0.99857972,0.03768658
instantaneous,,48,EDA t-3s,EDA,3,fast 1-3 s,0.99684668,0.05615445
instantaneous,,48,EDA t-8s,EDA,8,mid 8 s,0.99394357,0.07782306
instantaneous,,48,EDA t-20s,EDA,20,slow 20-45 s,0.98648040,0.11627382
instantaneous,,48,EDA t-45s,EDA,45,slow 20-45 s,0.96276871,0.19295412
instantaneous,,48,Resp t-1s,Resp,1,fast 1-3 s,0.00938337,0.99529725
instantaneous,,48,Resp t-3s,Resp,3,fast 1-3 s,0.00181574,0.99909172
instantaneous,,48,Resp t-8s,Resp,8,mid 8 s,-0.00031983,1.00015990
instantaneous,,48,Resp t-20s,Resp,20,slow 20-45 s,-0.00028579,1.00014289
instantaneous,,48,Resp t-45s,Resp,45,slow 20-45 s,-0.00010741,1.00005370
instantaneous,,48,Temp t-1s,Temp,1,fast 1-3 s,0.99471436,0.07270238
instantaneous,,48,Temp t-3s,Temp,3,fast 1-3 s,0.99395322,0.07776107
instantaneous,,48,Temp t-8s,Temp,8,mid 8 s,0.98972175,0.10138169
instantaneous,,48,Temp t-20s,Temp,20,slow 20-45 s,0.97440462,0.15998557
instantaneous,,48,Temp t-45s,Temp,45,slow 20-45 s,0.93817344,0.24864948
instantaneous,,48,HR t-1s,HR,1,fast 1-3 s,0.94985014,0.22394165
instantaneous,,48,HR t-3s,HR,3,fast 1-3 s,0.77210972,0.47737855
instantaneous,,48,HR t-8s,HR,8,mid 8 s,0.69607794,0.55129127
instantaneous,,48,HR t-20s,HR,20,slow 20-45 s,0.61939884,0.61692881
instantaneous,,48,HR t-45s,HR,45,slow 20-45 s,0.57795582,0.64964928
memoryless,0,48,EDA t-1s,EDA,1,fast 1-3 s,0.99857450,0.03775580
memoryless,0,48,EDA t-3s,EDA,3,fast 1-3 s,0.99684960,0.05612841
memoryless,0,48,EDA t-8s,EDA,8,mid 8 s,0.99397869,0.07759711
memoryless,0,48,EDA t-20s,EDA,20,slow 20-45 s,0.98667193,0.11544725
memoryless,0,48,EDA t-45s,EDA,45,slow 20-45 s,0.96416904,0.18929068
memoryless,0,48,Resp t-1s,Resp,1,fast 1-3 s,0.03052480,0.98461932
memoryless,0,48,Resp t-3s,Resp,3,fast 1-3 s,0.03741150,0.98111595
memoryless,0,48,Resp t-8s,Resp,8,mid 8 s,-0.00593240,1.00296181
memoryless,0,48,Resp t-20s,Resp,20,slow 20-45 s,-0.00227125,1.00113498
memoryless,0,48,Resp t-45s,Resp,45,slow 20-45 s,-0.00316837,1.00158293
memoryless,0,48,Temp t-1s,Temp,1,fast 1-3 s,0.99470397,0.07277384
memoryless,0,48,Temp t-3s,Temp,3,fast 1-3 s,0.99394022,0.07784458
memoryless,0,48,Temp t-8s,Temp,8,mid 8 s,0.98968590,0.10155835
memoryless,0,48,Temp t-20s,Temp,20,slow 20-45 s,0.97416984,0.16071764
memoryless,0,48,Temp t-45s,Temp,45,slow 20-45 s,0.93670814,0.25157873
memoryless,0,48,HR t-1s,HR,1,fast 1-3 s,0.94993240,0.22375791
memoryless,0,48,HR t-3s,HR,3,fast 1-3 s,0.77063495,0.47892071
memoryless,0,48,HR t-8s,HR,8,mid 8 s,0.69246604,0.55455744
memoryless,0,48,HR t-20s,HR,20,slow 20-45 s,0.61138779,0.62338769
memoryless,0,48,HR t-45s,HR,45,slow 20-45 s,0.57084676,0.65509789
memoryless,1,48,EDA t-1s,EDA,1,fast 1-3 s,0.99857758,0.03771494
memoryless,1,48,EDA t-3s,EDA,3,fast 1-3 s,0.99685735,0.05605935
memoryless,1,48,EDA t-8s,EDA,8,mid 8 s,0.99400660,0.07741704
memoryless,1,48,EDA t-20s,EDA,20,slow 20-45 s,0.98683090,0.11475668
memoryless,1,48,EDA t-45s,EDA,45,slow 20-45 s,0.96460645,0.18813174
memoryless,1,48,Resp t-1s,Resp,1,fast 1-3 s,0.02842711,0.98568397
memoryless,1,48,Resp t-3s,Resp,3,fast 1-3 s,0.03488184,0.98240427
memoryless,1,48,Resp t-8s,Resp,8,mid 8 s,-0.00612728,1.00305896
memoryless,1,48,Resp t-20s,Resp,20,slow 20-45 s,-0.00130349,1.00065153
memoryless,1,48,Resp t-45s,Resp,45,slow 20-45 s,-0.00261557,1.00130693
memoryless,1,48,Temp t-1s,Temp,1,fast 1-3 s,0.99470619,0.07275858
memoryless,1,48,Temp t-3s,Temp,3,fast 1-3 s,0.99394242,0.07783045
memoryless,1,48,Temp t-8s,Temp,8,mid 8 s,0.98967075,0.10163291
memoryless,1,48,Temp t-20s,Temp,20,slow 20-45 s,0.97401909,0.16118594
memoryless,1,48,Temp t-45s,Temp,45,slow 20-45 s,0.93648835,0.25201518
memoryless,1,48,HR t-1s,HR,1,fast 1-3 s,0.94998479,0.22364080
memoryless,1,48,HR t-3s,HR,3,fast 1-3 s,0.77226580,0.47721504
memoryless,1,48,HR t-8s,HR,8,mid 8 s,0.69415126,0.55303593
memoryless,1,48,HR t-20s,HR,20,slow 20-45 s,0.61451823,0.62087178
memoryless,1,48,HR t-45s,HR,45,slow 20-45 s,0.57015080,0.65562886
memoryless,2,48,EDA t-1s,EDA,1,fast 1-3 s,0.99857690,0.03772397
memoryless,2,48,EDA t-3s,EDA,3,fast 1-3 s,0.99685333,0.05609521
memoryless,2,48,EDA t-8s,EDA,8,mid 8 s,0.99399546,0.07748899
memoryless,2,48,EDA t-20s,EDA,20,slow 20-45 s,0.98677174,0.11501417
memoryless,2,48,EDA t-45s,EDA,45,slow 20-45 s,0.96427818,0.18900217
memoryless,2,48,Resp t-1s,Resp,1,fast 1-3 s,0.02804141,0.98587960
memoryless,2,48,Resp t-3s,Resp,3,fast 1-3 s,0.03651065,0.98157493
memoryless,2,48,Resp t-8s,Resp,8,mid 8 s,-0.00397538,1.00198572
memoryless,2,48,Resp t-20s,Resp,20,slow 20-45 s,-0.00232047,1.00115956
memoryless,2,48,Resp t-45s,Resp,45,slow 20-45 s,-0.00274631,1.00137221
memoryless,2,48,Temp t-1s,Temp,1,fast 1-3 s,0.99470710,0.07275231
memoryless,2,48,Temp t-3s,Temp,3,fast 1-3 s,0.99394229,0.07783131
memoryless,2,48,Temp t-8s,Temp,8,mid 8 s,0.98968554,0.10156013
memoryless,2,48,Temp t-20s,Temp,20,slow 20-45 s,0.97415963,0.16074940
memoryless,2,48,Temp t-45s,Temp,45,slow 20-45 s,0.93693718,0.25112311
memoryless,2,48,HR t-1s,HR,1,fast 1-3 s,0.95003756,0.22352279
memoryless,2,48,HR t-3s,HR,3,fast 1-3 s,0.77018491,0.47939033
memoryless,2,48,HR t-8s,HR,8,mid 8 s,0.69074185,0.55610984
memoryless,2,48,HR t-20s,HR,20,slow 20-45 s,0.61086238,0.62380896
memoryless,2,48,HR t-45s,HR,45,slow 20-45 s,0.56891602,0.65656986
memoryless,3,48,EDA t-1s,EDA,1,fast 1-3 s,0.99857654,0.03772870
memoryless,3,48,EDA t-3s,EDA,3,fast 1-3 s,0.99685454,0.05608442
memoryless,3,48,EDA t-8s,EDA,8,mid 8 s,0.99399258,0.07750757
memoryless,3,48,EDA t-20s,EDA,20,slow 20-45 s,0.98674576,0.11512707
memoryless,3,48,EDA t-45s,EDA,45,slow 20-45 s,0.96416137,0.18931093
memoryless,3,48,Resp t-1s,Resp,1,fast 1-3 s,0.03084748,0.98445545
memoryless,3,48,Resp t-3s,Resp,3,fast 1-3 s,0.03975288,0.97992200
memoryless,3,48,Resp t-8s,Resp,8,mid 8 s,-0.00873926,1.00436012
memoryless,3,48,Resp t-20s,Resp,20,slow 20-45 s,-0.00192133,1.00096021
memoryless,3,48,Resp t-45s,Resp,45,slow 20-45 s,-0.00219738,1.00109809
memoryless,3,48,Temp t-1s,Temp,1,fast 1-3 s,0.99470589,0.07276064
memoryless,3,48,Temp t-3s,Temp,3,fast 1-3 s,0.99394490,0.07781450
memoryless,3,48,Temp t-8s,Temp,8,mid 8 s,0.98968194,0.10157785
memoryless,3,48,Temp t-20s,Temp,20,slow 20-45 s,0.97414059,0.16080860
memoryless,3,48,Temp t-45s,Temp,45,slow 20-45 s,0.93701511,0.25096792
memoryless,3,48,HR t-1s,HR,1,fast 1-3 s,0.95012058,0.22333700
memoryless,3,48,HR t-3s,HR,3,fast 1-3 s,0.77151220,0.47800398
memoryless,3,48,HR t-8s,HR,8,mid 8 s,0.69300573,0.55407064
memoryless,3,48,HR t-20s,HR,20,slow 20-45 s,0.61350880,0.62168417
memoryless,3,48,HR t-45s,HR,45,slow 20-45 s,0.56972353,0.65595462
memoryless,4,48,EDA t-1s,EDA,1,fast 1-3 s,0.99857645,0.03772996
memoryless,4,48,EDA t-3s,EDA,3,fast 1-3 s,0.99685545,0.05607630
memoryless,4,48,EDA t-8s,EDA,8,mid 8 s,0.99401311,0.07737500
memoryless,4,48,EDA t-20s,EDA,20,slow 20-45 s,0.98684432,0.11469819
memoryless,4,48,EDA t-45s,EDA,45,slow 20-45 s,0.96465553,0.18800126
memoryless,4,48,Resp t-1s,Resp,1,fast 1-3 s,0.02681180,0.98650302
memoryless,4,48,Resp t-3s,Resp,3,fast 1-3 s,0.03321557,0.98325197
memoryless,4,48,Resp t-8s,Resp,8,mid 8 s,-0.00804570,1.00401479
memoryless,4,48,Resp t-20s,Resp,20,slow 20-45 s,-0.00172460,1.00086193
memoryless,4,48,Resp t-45s,Resp,45,slow 20-45 s,-0.00314981,1.00157367
memoryless,4,48,Temp t-1s,Temp,1,fast 1-3 s,0.99470335,0.07277810
memoryless,4,48,Temp t-3s,Temp,3,fast 1-3 s,0.99393943,0.07784964
memoryless,4,48,Temp t-8s,Temp,8,mid 8 s,0.98967738,0.10160029
memoryless,4,48,Temp t-20s,Temp,20,slow 20-45 s,0.97410479,0.16091990
memoryless,4,48,Temp t-45s,Temp,45,slow 20-45 s,0.93661270,0.25176835
memoryless,4,48,HR t-1s,HR,1,fast 1-3 s,0.95000199,0.22360236
memoryless,4,48,HR t-3s,HR,3,fast 1-3 s,0.77062135,0.47893491
memoryless,4,48,HR t-8s,HR,8,mid 8 s,0.69372648,0.55341984
memoryless,4,48,HR t-20s,HR,20,slow 20-45 s,0.61430779,0.62104123
memoryless,4,48,HR t-45s,HR,45,slow 20-45 s,0.57078499,0.65514503
memoryless,5,48,EDA t-1s,EDA,1,fast 1-3 s,0.99857667,0.03772708
memoryless,5,48,EDA t-3s,EDA,3,fast 1-3 s,0.99685326,0.05609585
memoryless,5,48,EDA t-8s,EDA,8,mid 8 s,0.99399945,0.07746323
memoryless,5,48,EDA t-20s,EDA,20,slow 20-45 s,0.98680322,0.11487724
memoryless,5,48,EDA t-45s,EDA,45,slow 20-45 s,0.96453008,0.18833461
memoryless,5,48,Resp t-1s,Resp,1,fast 1-3 s,0.03133094,0.98420986
memoryless,5,48,Resp t-3s,Resp,3,fast 1-3 s,0.03900015,0.98030600
memoryless,5,48,Resp t-8s,Resp,8,mid 8 s,-0.00857034,1.00427603
memoryless,5,48,Resp t-20s,Resp,20,slow 20-45 s,-0.00169175,1.00084552
memoryless,5,48,Resp t-45s,Resp,45,slow 20-45 s,-0.00304977,1.00152372
memoryless,5,48,Temp t-1s,Temp,1,fast 1-3 s,0.99470458,0.07276960
memoryless,5,48,Temp t-3s,Temp,3,fast 1-3 s,0.99393899,0.07785248
memoryless,5,48,Temp t-8s,Temp,8,mid 8 s,0.98967426,0.10161566
memoryless,5,48,Temp t-20s,Temp,20,slow 20-45 s,0.97405893,0.16106231
memoryless,5,48,Temp t-45s,Temp,45,slow 20-45 s,0.93644439,0.25210239
memoryless,5,48,HR t-1s,HR,1,fast 1-3 s,0.94978241,0.22409281
memoryless,5,48,HR t-3s,HR,3,fast 1-3 s,0.77193128,0.47756541
memoryless,5,48,HR t-8s,HR,8,mid 8 s,0.69451985,0.55270259
memoryless,5,48,HR t-20s,HR,20,slow 20-45 s,0.61482584,0.62062401
memoryless,5,48,HR t-45s,HR,45,slow 20-45 s,0.57212035,0.65412510
memoryless,6,48,EDA t-1s,EDA,1,fast 1-3 s,0.99857359,0.03776781
memoryless,6,48,EDA t-3s,EDA,3,fast 1-3 s,0.99684834,0.05613960
memoryless,6,48,EDA t-8s,EDA,8,mid 8 s,0.99398323,0.07756787
memoryless,6,48,EDA t-20s,EDA,20,slow 20-45 s,0.98671685,0.11525254
memoryless,6,48,EDA t-45s,EDA,45,slow 20-45 s,0.96437929,0.18873449
memoryless,6,48,Resp t-1s,Resp,1,fast 1-3 s,0.03063356,0.98456408
memoryless,6,48,Resp t-3s,Resp,3,fast 1-3 s,0.03744522,0.98109876
memoryless,6,48,Resp t-8s,Resp,8,mid 8 s,-0.00745967,1.00372290
memoryless,6,48,Resp t-20s,Resp,20,slow 20-45 s,-0.00169578,1.00084753
memoryless,6,48,Resp t-45s,Resp,45,slow 20-45 s,-0.00278844,1.00139325
memoryless,6,48,Temp t-1s,Temp,1,fast 1-3 s,0.99470539,0.07276408
memoryless,6,48,Temp t-3s,Temp,3,fast 1-3 s,0.99394260,0.07782933
memoryless,6,48,Temp t-8s,Temp,8,mid 8 s,0.98968537,0.10156097
memoryless,6,48,Temp t-20s,Temp,20,slow 20-45 s,0.97416232,0.16074104
memoryless,6,48,Temp t-45s,Temp,45,slow 20-45 s,0.93679292,0.25141018
memoryless,6,48,HR t-1s,HR,1,fast 1-3 s,0.94981555,0.22401886
memoryless,6,48,HR t-3s,HR,3,fast 1-3 s,0.77053691,0.47902306
memoryless,6,48,HR t-8s,HR,8,mid 8 s,0.69332688,0.55378075
memoryless,6,48,HR t-20s,HR,20,slow 20-45 s,0.61299586,0.62209657
memoryless,6,48,HR t-45s,HR,45,slow 20-45 s,0.56854706,0.65685077
memoryless,7,48,EDA t-1s,EDA,1,fast 1-3 s,0.99857706,0.03772184
memoryless,7,48,EDA t-3s,EDA,3,fast 1-3 s,0.99685777,0.05605564
memoryless,7,48,EDA t-8s,EDA,8,mid 8 s,0.99401567,0.07735845
memoryless,7,48,EDA t-20s,EDA,20,slow 20-45 s,0.98687502,0.11456429
memoryless,7,48,EDA t-45s,EDA,45,slow 20-45 s,0.96482114,0.18756027
memoryless,7,48,Resp t-1s,Resp,1,fast 1-3 s,0.03120611,0.98427328
memoryless,7,48,Resp t-3s,Resp,3,fast 1-3 s,0.03477693,0.98245767
memoryless,7,48,Resp t-8s,Resp,8,mid 8 s,-0.00781639,1.00390059
memoryless,7,48,Resp t-20s,Resp,20,slow 20-45 s,-0.00168903,1.00084416
memoryless,7,48,Resp t-45s,Resp,45,slow 20-45 s,-0.00276917,1.00138363
memoryless,7,48,Temp t-1s,Temp,1,fast 1-3 s,0.99470584,0.07276097
memoryless,7,48,Temp t-3s,Temp,3,fast 1-3 s,0.99394100,0.07783959
memoryless,7,48,Temp t-8s,Temp,8,mid 8 s,0.98968272,0.10157403
memoryless,7,48,Temp t-20s,Temp,20,slow 20-45 s,0.97409859,0.16093914
memoryless,7,48,Temp t-45s,Temp,45,slow 20-45 s,0.93675681,0.25148198
memoryless,7,48,HR t-1s,HR,1,fast 1-3 s,0.94976007,0.22414266
memoryless,7,48,HR t-3s,HR,3,fast 1-3 s,0.77042892,0.47913576
memoryless,7,48,HR t-8s,HR,8,mid 8 s,0.69129345,0.55561367
memoryless,7,48,HR t-20s,HR,20,slow 20-45 s,0.61058359,0.62403238
memoryless,7,48,HR t-45s,HR,45,slow 20-45 s,0.56437658,0.66001774
memoryless,8,48,EDA t-1s,EDA,1,fast 1-3 s,0.99857574,0.03773938
memoryless,8,48,EDA t-3s,EDA,3,fast 1-3 s,0.99685366,0.05609225
memoryless,8,48,EDA t-8s,EDA,8,mid 8 s,0.99400141,0.07745059
memoryless,8,48,EDA t-20s,EDA,20,slow 20-45 s,0.98680361,0.11487554
memoryless,8,48,EDA t-45s,EDA,45,slow 20-45 s,0.96458421,0.18819084
memoryless,8,48,Resp t-1s,Resp,1,fast 1-3 s,0.02776261,0.98602099
memoryless,8,48,Resp t-3s,Resp,3,fast 1-3 s,0.03461716,0.98253898
memoryless,8,48,Resp t-8s,Resp,8,mid 8 s,-0.00766045,1.00382292
memoryless,8,48,Resp t-20s,Resp,20,slow 20-45 s,-0.00168321,1.00084125
memoryless,8,48,Resp t-45s,Resp,45,slow 20-45 s,-0.00323417,1.00161578
memoryless,8,48,Temp t-1s,Temp,1,fast 1-3 s,0.99470655,0.07275609
memoryless,8,48,Temp t-3s,Temp,3,fast 1-3 s,0.99394379,0.07782166
memoryless,8,48,Temp t-8s,Temp,8,mid 8 s,0.98968680,0.10155391
memoryless,8,48,Temp t-20s,Temp,20,slow 20-45 s,0.97403382,0.16114024
memoryless,8,48,Temp t-45s,Temp,45,slow 20-45 s,0.93623253,0.25252221
memoryless,8,48,HR t-1s,HR,1,fast 1-3 s,0.95020788,0.22314147
memoryless,8,48,HR t-3s,HR,3,fast 1-3 s,0.77120392,0.47832634
memoryless,8,48,HR t-8s,HR,8,mid 8 s,0.69191338,0.55505551
memoryless,8,48,HR t-20s,HR,20,slow 20-45 s,0.61123890,0.62350710
memoryless,8,48,HR t-45s,HR,45,slow 20-45 s,0.56531192,0.65930879
memoryless,9,48,EDA t-1s,EDA,1,fast 1-3 s,0.99857592,0.03773696
memoryless,9,48,EDA t-3s,EDA,3,fast 1-3 s,0.99685392,0.05608995
memoryless,9,48,EDA t-8s,EDA,8,mid 8 s,0.99400167,0.07744887
memoryless,9,48,EDA t-20s,EDA,20,slow 20-45 s,0.98681923,0.11480752
memoryless,9,48,EDA t-45s,EDA,45,slow 20-45 s,0.96459235,0.18816922
memoryless,9,48,Resp t-1s,Resp,1,fast 1-3 s,0.02883622,0.98547642
memoryless,9,48,Resp t-3s,Resp,3,fast 1-3 s,0.04011233,0.97973857
memoryless,9,48,Resp t-8s,Resp,8,mid 8 s,-0.00680964,1.00339904
memoryless,9,48,Resp t-20s,Resp,20,slow 20-45 s,-0.00228857,1.00114363
memoryless,9,48,Resp t-45s,Resp,45,slow 20-45 s,-0.00357510,1.00178596
memoryless,9,48,Temp t-1s,Temp,1,fast 1-3 s,0.99470187,0.07278827
memoryless,9,48,Temp t-3s,Temp,3,fast 1-3 s,0.99393998,0.07784613
memoryless,9,48,Temp t-8s,Temp,8,mid 8 s,0.98969555,0.10151086
memoryless,9,48,Temp t-20s,Temp,20,slow 20-45 s,0.97417581,0.16069906
memoryless,9,48,Temp t-45s,Temp,45,slow 20-45 s,0.93650113,0.25198981
memoryless,9,48,HR t-1s,HR,1,fast 1-3 s,0.94987052,0.22389614
memoryless,9,48,HR t-3s,HR,3,fast 1-3 s,0.77143770,0.47808190
memoryless,9,48,HR t-8s,HR,8,mid 8 s,0.69373613,0.55341112
memoryless,9,48,HR t-20s,HR,20,slow 20-45 s,0.61258483,0.62242684
memoryless,9,48,HR t-45s,HR,45,slow 20-45 s,0.56670300,0.65825299
homogeneous_fast,0,48,EDA t-1s,EDA,1,fast 1-3 s,0.99938032,0.02489329
homogeneous_fast,0,48,EDA t-3s,EDA,3,fast 1-3 s,0.99878614,0.03484048
homogeneous_fast,0,48,EDA t-8s,EDA,8,mid 8 s,0.99757376,0.04925693
homogeneous_fast,0,48,EDA t-20s,EDA,20,slow 20-45 s,0.99178386,0.09064294
homogeneous_fast,0,48,EDA t-45s,EDA,45,slow 20-45 s,0.97174111,0.16810381
homogeneous_fast,0,48,Resp t-1s,Resp,1,fast 1-3 s,0.46887353,0.72878424
homogeneous_fast,0,48,Resp t-3s,Resp,3,fast 1-3 s,0.16672493,0.91283902
homogeneous_fast,0,48,Resp t-8s,Resp,8,mid 8 s,0.03447513,0.98261125
homogeneous_fast,0,48,Resp t-20s,Resp,20,slow 20-45 s,-0.00001041,1.00000520
homogeneous_fast,0,48,Resp t-45s,Resp,45,slow 20-45 s,-0.00166931,1.00083431
homogeneous_fast,0,48,Temp t-1s,Temp,1,fast 1-3 s,0.99780289,0.04687339
homogeneous_fast,0,48,Temp t-3s,Temp,3,fast 1-3 s,0.99747604,0.05023903
homogeneous_fast,0,48,Temp t-8s,Temp,8,mid 8 s,0.99655241,0.05871619
homogeneous_fast,0,48,Temp t-20s,Temp,20,slow 20-45 s,0.98746949,0.11193974
homogeneous_fast,0,48,Temp t-45s,Temp,45,slow 20-45 s,0.95266460,0.21756700
homogeneous_fast,0,48,HR t-1s,HR,1,fast 1-3 s,0.98864513,0.10655924
homogeneous_fast,0,48,HR t-3s,HR,3,fast 1-3 s,0.96951439,0.17460130
homogeneous_fast,0,48,HR t-8s,HR,8,mid 8 s,0.92004704,0.28275955
homogeneous_fast,0,48,HR t-20s,HR,20,slow 20-45 s,0.82301540,0.42069538
homogeneous_fast,0,48,HR t-45s,HR,45,slow 20-45 s,0.67090800,0.57366540
homogeneous_fast,1,48,EDA t-1s,EDA,1,fast 1-3 s,0.99933538,0.02578029
homogeneous_fast,1,48,EDA t-3s,EDA,3,fast 1-3 s,0.99889763,0.03320193
homogeneous_fast,1,48,EDA t-8s,EDA,8,mid 8 s,0.99827861,0.04148967
homogeneous_fast,1,48,EDA t-20s,EDA,20,slow 20-45 s,0.99250867,0.08655247
homogeneous_fast,1,48,EDA t-45s,EDA,45,slow 20-45 s,0.97269653,0.16523761
homogeneous_fast,1,48,Resp t-1s,Resp,1,fast 1-3 s,0.40886446,0.76885339
homogeneous_fast,1,48,Resp t-3s,Resp,3,fast 1-3 s,0.16475028,0.91391997
homogeneous_fast,1,48,Resp t-8s,Resp,8,mid 8 s,0.03705283,0.98129872
homogeneous_fast,1,48,Resp t-20s,Resp,20,slow 20-45 s,0.00098814,0.99950581
homogeneous_fast,1,48,Resp t-45s,Resp,45,slow 20-45 s,-0.00058531,1.00029261
homogeneous_fast,1,48,Temp t-1s,Temp,1,fast 1-3 s,0.99792480,0.04555439
homogeneous_fast,1,48,Temp t-3s,Temp,3,fast 1-3 s,0.99761700,0.04881594
homogeneous_fast,1,48,Temp t-8s,Temp,8,mid 8 s,0.99694131,0.05530541
homogeneous_fast,1,48,Temp t-20s,Temp,20,slow 20-45 s,0.98943468,0.10278773
homogeneous_fast,1,48,Temp t-45s,Temp,45,slow 20-45 s,0.95502164,0.21208103
homogeneous_fast,1,48,HR t-1s,HR,1,fast 1-3 s,0.98772709,0.11078315
homogeneous_fast,1,48,HR t-3s,HR,3,fast 1-3 s,0.97137486,0.16918965
homogeneous_fast,1,48,HR t-8s,HR,8,mid 8 s,0.91786512,0.28659184
homogeneous_fast,1,48,HR t-20s,HR,20,slow 20-45 s,0.77912287,0.46997567
homogeneous_fast,1,48,HR t-45s,HR,45,slow 20-45 s,0.65810401,0.58471873
homogeneous_fast,2,48,EDA t-1s,EDA,1,fast 1-3 s,0.99924726,0.02743609
homogeneous_fast,2,48,EDA t-3s,EDA,3,fast 1-3 s,0.99878583,0.03484497
homogeneous_fast,2,48,EDA t-8s,EDA,8,mid 8 s,0.99821976,0.04219291
homogeneous_fast,2,48,EDA t-20s,EDA,20,slow 20-45 s,0.99247859,0.08672607
homogeneous_fast,2,48,EDA t-45s,EDA,45,slow 20-45 s,0.97228257,0.16648554
homogeneous_fast,2,48,Resp t-1s,Resp,1,fast 1-3 s,0.37094189,0.79313184
homogeneous_fast,2,48,Resp t-3s,Resp,3,fast 1-3 s,0.15808639,0.91755850
homogeneous_fast,2,48,Resp t-8s,Resp,8,mid 8 s,0.02127124,0.98930721
homogeneous_fast,2,48,Resp t-20s,Resp,20,slow 20-45 s,0.00016168,0.99991915
homogeneous_fast,2,48,Resp t-45s,Resp,45,slow 20-45 s,-0.00171728,1.00085827
homogeneous_fast,2,48,Temp t-1s,Temp,1,fast 1-3 s,0.99794446,0.04533808
homogeneous_fast,2,48,Temp t-3s,Temp,3,fast 1-3 s,0.99768000,0.04816643
homogeneous_fast,2,48,Temp t-8s,Temp,8,mid 8 s,0.99662276,0.05811399
homogeneous_fast,2,48,Temp t-20s,Temp,20,slow 20-45 s,0.98907979,0.10449979
homogeneous_fast,2,48,Temp t-45s,Temp,45,slow 20-45 s,0.95500532,0.21211950
homogeneous_fast,2,48,HR t-1s,HR,1,fast 1-3 s,0.98805377,0.10929880
homogeneous_fast,2,48,HR t-3s,HR,3,fast 1-3 s,0.96040668,0.19898070
homogeneous_fast,2,48,HR t-8s,HR,8,mid 8 s,0.89286424,0.32731600
homogeneous_fast,2,48,HR t-20s,HR,20,slow 20-45 s,0.76544598,0.48430778
homogeneous_fast,2,48,HR t-45s,HR,45,slow 20-45 s,0.65342298,0.58870792
homogeneous_fast,3,48,EDA t-1s,EDA,1,fast 1-3 s,0.99932964,0.02589124
homogeneous_fast,3,48,EDA t-3s,EDA,3,fast 1-3 s,0.99890261,0.03312684
homogeneous_fast,3,48,EDA t-8s,EDA,8,mid 8 s,0.99821648,0.04223169
homogeneous_fast,3,48,EDA t-20s,EDA,20,slow 20-45 s,0.99256561,0.08622293
homogeneous_fast,3,48,EDA t-45s,EDA,45,slow 20-45 s,0.97253889,0.16571395
homogeneous_fast,3,48,Resp t-1s,Resp,1,fast 1-3 s,0.40523767,0.77120836
homogeneous_fast,3,48,Resp t-3s,Resp,3,fast 1-3 s,0.17637554,0.90753758
homogeneous_fast,3,48,Resp t-8s,Resp,8,mid 8 s,0.03834508,0.98064006
homogeneous_fast,3,48,Resp t-20s,Resp,20,slow 20-45 s,0.00039481,0.99980258
homogeneous_fast,3,48,Resp t-45s,Resp,45,slow 20-45 s,-0.00111319,1.00055644
homogeneous_fast,3,48,Temp t-1s,Temp,1,fast 1-3 s,0.99788087,0.04603403
homogeneous_fast,3,48,Temp t-3s,Temp,3,fast 1-3 s,0.99746167,0.05038181
homogeneous_fast,3,48,Temp t-8s,Temp,8,mid 8 s,0.99683175,0.05628719
homogeneous_fast,3,48,Temp t-20s,Temp,20,slow 20-45 s,0.98874942,0.10606877
homogeneous_fast,3,48,Temp t-45s,Temp,45,slow 20-45 s,0.95457958,0.21312068
homogeneous_fast,3,48,HR t-1s,HR,1,fast 1-3 s,0.98864666,0.10655204
homogeneous_fast,3,48,HR t-3s,HR,3,fast 1-3 s,0.96765115,0.17985786
homogeneous_fast,3,48,HR t-8s,HR,8,mid 8 s,0.91277263,0.29534281
homogeneous_fast,3,48,HR t-20s,HR,20,slow 20-45 s,0.77940607,0.46967428
homogeneous_fast,3,48,HR t-45s,HR,45,slow 20-45 s,0.65997426,0.58311726
homogeneous_fast,4,48,EDA t-1s,EDA,1,fast 1-3 s,0.99940436,0.02440569
homogeneous_fast,4,48,EDA t-3s,EDA,3,fast 1-3 s,0.99893668,0.03260857
homogeneous_fast,4,48,EDA t-8s,EDA,8,mid 8 s,0.99775621,0.04736866
homogeneous_fast,4,48,EDA t-20s,EDA,20,slow 20-45 s,0.99129283,0.09331223
homogeneous_fast,4,48,EDA t-45s,EDA,45,slow 20-45 s,0.97072737,0.17109245
homogeneous_fast,4,48,Resp t-1s,Resp,1,fast 1-3 s,0.42129211,0.76072853
homogeneous_fast,4,48,Resp t-3s,Resp,3,fast 1-3 s,0.17164662,0.91013921
homogeneous_fast,4,48,Resp t-8s,Resp,8,mid 8 s,0.03657105,0.98154417
homogeneous_fast,4,48,Resp t-20s,Resp,20,slow 20-45 s,0.00035650,0.99982174
homogeneous_fast,4,48,Resp t-45s,Resp,45,slow 20-45 s,-0.00159401,1.00079669
homogeneous_fast,4,48,Temp t-1s,Temp,1,fast 1-3 s,0.99791694,0.04564057
homogeneous_fast,4,48,Temp t-3s,Temp,3,fast 1-3 s,0.99745521,0.05044592
homogeneous_fast,4,48,Temp t-8s,Temp,8,mid 8 s,0.99697643,0.05498696
homogeneous_fast,4,48,Temp t-20s,Temp,20,slow 20-45 s,0.99404843,0.07714643
homogeneous_fast,4,48,Temp t-45s,Temp,45,slow 20-45 s,0.96387547,0.19006455
homogeneous_fast,4,48,HR t-1s,HR,1,fast 1-3 s,0.98882758,0.10569969
homogeneous_fast,4,48,HR t-3s,HR,3,fast 1-3 s,0.96881539,0.17659164
homogeneous_fast,4,48,HR t-8s,HR,8,mid 8 s,0.91027096,0.29954806
homogeneous_fast,4,48,HR t-20s,HR,20,slow 20-45 s,0.80681735,0.43952548
homogeneous_fast,4,48,HR t-45s,HR,45,slow 20-45 s,0.66399373,0.57966048
homogeneous_fast,5,48,EDA t-1s,EDA,1,fast 1-3 s,0.99937109,0.02507813
homogeneous_fast,5,48,EDA t-3s,EDA,3,fast 1-3 s,0.99888364,0.03341195
homogeneous_fast,5,48,EDA t-8s,EDA,8,mid 8 s,0.99784719,0.04639838
homogeneous_fast,5,48,EDA t-20s,EDA,20,slow 20-45 s,0.99185159,0.09026856
homogeneous_fast,5,48,EDA t-45s,EDA,45,slow 20-45 s,0.97121345,0.16966599
homogeneous_fast,5,48,Resp t-1s,Resp,1,fast 1-3 s,0.40325127,0.77249514
homogeneous_fast,5,48,Resp t-3s,Resp,3,fast 1-3 s,0.16767385,0.91231911
homogeneous_fast,5,48,Resp t-8s,Resp,8,mid 8 s,0.04114413,0.97921186
homogeneous_fast,5,48,Resp t-20s,Resp,20,slow 20-45 s,0.00028568,0.99985715
homogeneous_fast,5,48,Resp t-45s,Resp,45,slow 20-45 s,-0.00124680,1.00062320
homogeneous_fast,5,48,Temp t-1s,Temp,1,fast 1-3 s,0.99795394,0.04523336
homogeneous_fast,5,48,Temp t-3s,Temp,3,fast 1-3 s,0.99758812,0.04911089
homogeneous_fast,5,48,Temp t-8s,Temp,8,mid 8 s,0.99679703,0.05659478
homogeneous_fast,5,48,Temp t-20s,Temp,20,slow 20-45 s,0.98861290,0.10671035
homogeneous_fast,5,48,Temp t-45s,Temp,45,slow 20-45 s,0.95507431,0.21195681
homogeneous_fast,5,48,HR t-1s,HR,1,fast 1-3 s,0.98890573,0.10532935
homogeneous_fast,5,48,HR t-3s,HR,3,fast 1-3 s,0.96627495,0.18364380
homogeneous_fast,5,48,HR t-8s,HR,8,mid 8 s,0.90595512,0.30666737
homogeneous_fast,5,48,HR t-20s,HR,20,slow 20-45 s,0.77149012,0.47802707
homogeneous_fast,5,48,HR t-45s,HR,45,slow 20-45 s,0.65877067,0.58414838
homogeneous_fast,6,48,EDA t-1s,EDA,1,fast 1-3 s,0.99916204,0.02894757
homogeneous_fast,6,48,EDA t-3s,EDA,3,fast 1-3 s,0.99863546,0.03693972
homogeneous_fast,6,48,EDA t-8s,EDA,8,mid 8 s,0.99754443,0.04955370
homogeneous_fast,6,48,EDA t-20s,EDA,20,slow 20-45 s,0.99114423,0.09410510
homogeneous_fast,6,48,EDA t-45s,EDA,45,slow 20-45 s,0.97092915,0.17050175
homogeneous_fast,6,48,Resp t-1s,Resp,1,fast 1-3 s,0.40460299,0.77161973
homogeneous_fast,6,48,Resp t-3s,Resp,3,fast 1-3 s,0.15200691,0.92086540
homogeneous_fast,6,48,Resp t-8s,Resp,8,mid 8 s,0.02665512,0.98658243
homogeneous_fast,6,48,Resp t-20s,Resp,20,slow 20-45 s,0.00042039,0.99978978
homogeneous_fast,6,48,Resp t-45s,Resp,45,slow 20-45 s,-0.00141936,1.00070943
homogeneous_fast,6,48,Temp t-1s,Temp,1,fast 1-3 s,0.99799796,0.04474412
homogeneous_fast,6,48,Temp t-3s,Temp,3,fast 1-3 s,0.99754352,0.04956292
homogeneous_fast,6,48,Temp t-8s,Temp,8,mid 8 s,0.99683830,0.05622897
homogeneous_fast,6,48,Temp t-20s,Temp,20,slow 20-45 s,0.98873064,0.10615726
homogeneous_fast,6,48,Temp t-45s,Temp,45,slow 20-45 s,0.95383876,0.21485166
homogeneous_fast,6,48,HR t-1s,HR,1,fast 1-3 s,0.98803712,0.10937497
homogeneous_fast,6,48,HR t-3s,HR,3,fast 1-3 s,0.97353911,0.16266805
homogeneous_fast,6,48,HR t-8s,HR,8,mid 8 s,0.91776593,0.28676484
homogeneous_fast,6,48,HR t-20s,HR,20,slow 20-45 s,0.77920650,0.46988669
homogeneous_fast,6,48,HR t-45s,HR,45,slow 20-45 s,0.65771642,0.58505006
homogeneous_fast,7,48,EDA t-1s,EDA,1,fast 1-3 s,0.99943866,0.02369260
homogeneous_fast,7,48,EDA t-3s,EDA,3,fast 1-3 s,0.99922081,0.02791389
homogeneous_fast,7,48,EDA t-8s,EDA,8,mid 8 s,0.99803760,0.04429901
homogeneous_fast,7,48,EDA t-20s,EDA,20,slow 20-45 s,0.99300875,0.08361368
homogeneous_fast,7,48,EDA t-45s,EDA,45,slow 20-45 s,0.97357881,0.16254595
homogeneous_fast,7,48,Resp t-1s,Resp,1,fast 1-3 s,0.40561065,0.77096650
homogeneous_fast,7,48,Resp t-3s,Resp,3,fast 1-3 s,0.15171546,0.92102364
homogeneous_fast,7,48,Resp t-8s,Resp,8,mid 8 s,0.02779429,0.98600492
homogeneous_fast,7,48,Resp t-20s,Resp,20,slow 20-45 s,0.00052628,0.99973682
homogeneous_fast,7,48,Resp t-45s,Resp,45,slow 20-45 s,-0.00101732,1.00050853
homogeneous_fast,7,48,Temp t-1s,Temp,1,fast 1-3 s,0.99784187,0.04645565
homogeneous_fast,7,48,Temp t-3s,Temp,3,fast 1-3 s,0.99748482,0.05015159
homogeneous_fast,7,48,Temp t-8s,Temp,8,mid 8 s,0.99689497,0.05572277
homogeneous_fast,7,48,Temp t-20s,Temp,20,slow 20-45 s,0.99031752,0.09839957
homogeneous_fast,7,48,Temp t-45s,Temp,45,slow 20-45 s,0.95737837,0.20645007
homogeneous_fast,7,48,HR t-1s,HR,1,fast 1-3 s,0.98742278,0.11214819
homogeneous_fast,7,48,HR t-3s,HR,3,fast 1-3 s,0.96101749,0.19743989
homogeneous_fast,7,48,HR t-8s,HR,8,mid 8 s,0.89720547,0.32061586
homogeneous_fast,7,48,HR t-20s,HR,20,slow 20-45 s,0.77541572,0.47390324
homogeneous_fast,7,48,HR t-45s,HR,45,slow 20-45 s,0.65397861,0.58823583
homogeneous_fast,8,48,EDA t-1s,EDA,1,fast 1-3 s,0.99942947,0.02388579
homogeneous_fast,8,48,EDA t-3s,EDA,3,fast 1-3 s,0.99893263,0.03267064
homogeneous_fast,8,48,EDA t-8s,EDA,8,mid 8 s,0.99825196,0.04180962
homogeneous_fast,8,48,EDA t-20s,EDA,20,slow 20-45 s,0.99249576,0.08662703
homogeneous_fast,8,48,EDA t-45s,EDA,45,slow 20-45 s,0.97219755,0.16674066
homogeneous_fast,8,48,Resp t-1s,Resp,1,fast 1-3 s,0.40550625,0.77103421
homogeneous_fast,8,48,Resp t-3s,Resp,3,fast 1-3 s,0.16645216,0.91298841
homogeneous_fast,8,48,Resp t-8s,Resp,8,mid 8 s,0.03509252,0.98229704
homogeneous_fast,8,48,Resp t-20s,Resp,20,slow 20-45 s,0.00015099,0.99992450
homogeneous_fast,8,48,Resp t-45s,Resp,45,slow 20-45 s,-0.00099768,1.00049871
homogeneous_fast,8,48,Temp t-1s,Temp,1,fast 1-3 s,0.99795154,0.04525986
homogeneous_fast,8,48,Temp t-3s,Temp,3,fast 1-3 s,0.99753731,0.04962552
homogeneous_fast,8,48,Temp t-8s,Temp,8,mid 8 s,0.99654586,0.05877190
homogeneous_fast,8,48,Temp t-20s,Temp,20,slow 20-45 s,0.98693421,0.11430567
homogeneous_fast,8,48,Temp t-45s,Temp,45,slow 20-45 s,0.95168028,0.21981748
homogeneous_fast,8,48,HR t-1s,HR,1,fast 1-3 s,0.98863703,0.10659721
homogeneous_fast,8,48,HR t-3s,HR,3,fast 1-3 s,0.97426580,0.16041882
homogeneous_fast,8,48,HR t-8s,HR,8,mid 8 s,0.91747605,0.28726982
homogeneous_fast,8,48,HR t-20s,HR,20,slow 20-45 s,0.78572632,0.46289705
homogeneous_fast,8,48,HR t-45s,HR,45,slow 20-45 s,0.65675935,0.58586744
homogeneous_fast,9,48,EDA t-1s,EDA,1,fast 1-3 s,0.99926229,0.02716082
homogeneous_fast,9,48,EDA t-3s,EDA,3,fast 1-3 s,0.99893130,0.03269097
homogeneous_fast,9,48,EDA t-8s,EDA,8,mid 8 s,0.99805047,0.04415345
homogeneous_fast,9,48,EDA t-20s,EDA,20,slow 20-45 s,0.99204206,0.08920730
homogeneous_fast,9,48,EDA t-45s,EDA,45,slow 20-45 s,0.97178160,0.16798333
homogeneous_fast,9,48,Resp t-1s,Resp,1,fast 1-3 s,0.40376966,0.77215953
homogeneous_fast,9,48,Resp t-3s,Resp,3,fast 1-3 s,0.16757106,0.91237544
homogeneous_fast,9,48,Resp t-8s,Resp,8,mid 8 s,0.04299645,0.97826558
homogeneous_fast,9,48,Resp t-20s,Resp,20,slow 20-45 s,0.00073480,0.99963253
homogeneous_fast,9,48,Resp t-45s,Resp,45,slow 20-45 s,-0.00088560,1.00044270
homogeneous_fast,9,48,Temp t-1s,Temp,1,fast 1-3 s,0.99787706,0.04607534
homogeneous_fast,9,48,Temp t-3s,Temp,3,fast 1-3 s,0.99750352,0.04996475
homogeneous_fast,9,48,Temp t-8s,Temp,8,mid 8 s,0.99716781,0.05321832
homogeneous_fast,9,48,Temp t-20s,Temp,20,slow 20-45 s,0.99238396,0.08726994
homogeneous_fast,9,48,Temp t-45s,Temp,45,slow 20-45 s,0.96058430,0.19853387
homogeneous_fast,9,48,HR t-1s,HR,1,fast 1-3 s,0.98790151,0.10999315
homogeneous_fast,9,48,HR t-3s,HR,3,fast 1-3 s,0.96096408,0.19757510
homogeneous_fast,9,48,HR t-8s,HR,8,mid 8 s,0.90472280,0.30867005
homogeneous_fast,9,48,HR t-20s,HR,20,slow 20-45 s,0.77766007,0.47152935
homogeneous_fast,9,48,HR t-45s,HR,45,slow 20-45 s,0.66006968,0.58303544
homogeneous_slow,0,48,EDA t-1s,EDA,1,fast 1-3 s,0.99903044,0.03113781
homogeneous_slow,0,48,EDA t-3s,EDA,3,fast 1-3 s,0.99897549,0.03200795
homogeneous_slow,0,48,EDA t-8s,EDA,8,mid 8 s,0.99834867,0.04063654
homogeneous_slow,0,48,EDA t-20s,EDA,20,slow 20-45 s,0.99798052,0.04493867
homogeneous_slow,0,48,EDA t-45s,EDA,45,slow 20-45 s,0.99650696,0.05910199
homogeneous_slow,0,48,Resp t-1s,Resp,1,fast 1-3 s,0.36131525,0.79917755
homogeneous_slow,0,48,Resp t-3s,Resp,3,fast 1-3 s,0.09123436,0.95329200
homogeneous_slow,0,48,Resp t-8s,Resp,8,mid 8 s,0.01415545,0.99289705
homogeneous_slow,0,48,Resp t-20s,Resp,20,slow 20-45 s,0.00557959,0.99720630
homogeneous_slow,0,48,Resp t-45s,Resp,45,slow 20-45 s,0.00457711,0.99770882
homogeneous_slow,0,48,Temp t-1s,Temp,1,fast 1-3 s,0.99760676,0.04892077
homogeneous_slow,0,48,Temp t-3s,Temp,3,fast 1-3 s,0.99756577,0.04933791
homogeneous_slow,0,48,Temp t-8s,Temp,8,mid 8 s,0.99698977,0.05486554
homogeneous_slow,0,48,Temp t-20s,Temp,20,slow 20-45 s,0.99658436,0.05844345
homogeneous_slow,0,48,Temp t-45s,Temp,45,slow 20-45 s,0.99404656,0.07715852
homogeneous_slow,0,48,HR t-1s,HR,1,fast 1-3 s,0.97056662,0.17156161
homogeneous_slow,0,48,HR t-3s,HR,3,fast 1-3 s,0.93707869,0.25084121
homogeneous_slow,0,48,HR t-8s,HR,8,mid 8 s,0.89358536,0.32621257
homogeneous_slow,0,48,HR t-20s,HR,20,slow 20-45 s,0.86881117,0.36219998
homogeneous_slow,0,48,HR t-45s,HR,45,slow 20-45 s,0.83533139,0.40579380
homogeneous_slow,1,48,EDA t-1s,EDA,1,fast 1-3 s,0.99897284,0.03204928
homogeneous_slow,1,48,EDA t-3s,EDA,3,fast 1-3 s,0.99895114,0.03238605
homogeneous_slow,1,48,EDA t-8s,EDA,8,mid 8 s,0.99834865,0.04063682
homogeneous_slow,1,48,EDA t-20s,EDA,20,slow 20-45 s,0.99794109,0.04537523
homogeneous_slow,1,48,EDA t-45s,EDA,45,slow 20-45 s,0.99662548,0.05809061
homogeneous_slow,1,48,Resp t-1s,Resp,1,fast 1-3 s,0.35724598,0.80171942
homogeneous_slow,1,48,Resp t-3s,Resp,3,fast 1-3 s,0.04316750,0.97817816
homogeneous_slow,1,48,Resp t-8s,Resp,8,mid 8 s,0.01013046,0.99492188
homogeneous_slow,1,48,Resp t-20s,Resp,20,slow 20-45 s,0.00582188,0.99708481
homogeneous_slow,1,48,Resp t-45s,Resp,45,slow 20-45 s,0.00448124,0.99775686
homogeneous_slow,1,48,Temp t-1s,Temp,1,fast 1-3 s,0.99764778,0.04849967
homogeneous_slow,1,48,Temp t-3s,Temp,3,fast 1-3 s,0.99756663,0.04932917
homogeneous_slow,1,48,Temp t-8s,Temp,8,mid 8 s,0.99705155,0.05429964
homogeneous_slow,1,48,Temp t-20s,Temp,20,slow 20-45 s,0.99657924,0.05848729
homogeneous_slow,1,48,Temp t-45s,Temp,45,slow 20-45 s,0.99429495,0.07553176
homogeneous_slow,1,48,HR t-1s,HR,1,fast 1-3 s,0.96098773,0.19751525
homogeneous_slow,1,48,HR t-3s,HR,3,fast 1-3 s,0.93478249,0.25537720
homogeneous_slow,1,48,HR t-8s,HR,8,mid 8 s,0.88535952,0.33858600
homogeneous_slow,1,48,HR t-20s,HR,20,slow 20-45 s,0.86159865,0.37202332
homogeneous_slow,1,48,HR t-45s,HR,45,slow 20-45 s,0.82602071,0.41710824
homogeneous_slow,2,48,EDA t-1s,EDA,1,fast 1-3 s,0.99898129,0.03191718
homogeneous_slow,2,48,EDA t-3s,EDA,3,fast 1-3 s,0.99896168,0.03222293
homogeneous_slow,2,48,EDA t-8s,EDA,8,mid 8 s,0.99831772,0.04101559
homogeneous_slow,2,48,EDA t-20s,EDA,20,slow 20-45 s,0.99797000,0.04505556
homogeneous_slow,2,48,EDA t-45s,EDA,45,slow 20-45 s,0.99651170,0.05906187
homogeneous_slow,2,48,Resp t-1s,Resp,1,fast 1-3 s,0.34910785,0.80677887
homogeneous_slow,2,48,Resp t-3s,Resp,3,fast 1-3 s,0.02832920,0.98573363
homogeneous_slow,2,48,Resp t-8s,Resp,8,mid 8 s,0.00969568,0.99514035
homogeneous_slow,2,48,Resp t-20s,Resp,20,slow 20-45 s,0.00553936,0.99722647
homogeneous_slow,2,48,Resp t-45s,Resp,45,slow 20-45 s,0.00422271,0.99788641
homogeneous_slow,2,48,Temp t-1s,Temp,1,fast 1-3 s,0.99778361,0.04707854
homogeneous_slow,2,48,Temp t-3s,Temp,3,fast 1-3 s,0.99760929,0.04889489
homogeneous_slow,2,48,Temp t-8s,Temp,8,mid 8 s,0.99706114,0.05421122
homogeneous_slow,2,48,Temp t-20s,Temp,20,slow 20-45 s,0.99668732,0.05755585
homogeneous_slow,2,48,Temp t-45s,Temp,45,slow 20-45 s,0.99472032,0.07266139
homogeneous_slow,2,48,HR t-1s,HR,1,fast 1-3 s,0.97097255,0.17037443
homogeneous_slow,2,48,HR t-3s,HR,3,fast 1-3 s,0.93378945,0.25731410
homogeneous_slow,2,48,HR t-8s,HR,8,mid 8 s,0.89495390,0.32410815
homogeneous_slow,2,48,HR t-20s,HR,20,slow 20-45 s,0.86501185,0.36740734
homogeneous_slow,2,48,HR t-45s,HR,45,slow 20-45 s,0.82903554,0.41347849
homogeneous_slow,3,48,EDA t-1s,EDA,1,fast 1-3 s,0.99915688,0.02903647
homogeneous_slow,3,48,EDA t-3s,EDA,3,fast 1-3 s,0.99899216,0.03174647
homogeneous_slow,3,48,EDA t-8s,EDA,8,mid 8 s,0.99844913,0.03938115
homogeneous_slow,3,48,EDA t-20s,EDA,20,slow 20-45 s,0.99800219,0.04469691
homogeneous_slow,3,48,EDA t-45s,EDA,45,slow 20-45 s,0.99685076,0.05611808
homogeneous_slow,3,48,Resp t-1s,Resp,1,fast 1-3 s,0.35937148,0.80039273
homogeneous_slow,3,48,Resp t-3s,Resp,3,fast 1-3 s,0.04836308,0.97551880
homogeneous_slow,3,48,Resp t-8s,Resp,8,mid 8 s,0.00970877,0.99513377
homogeneous_slow,3,48,Resp t-20s,Resp,20,slow 20-45 s,0.00578062,0.99710550
homogeneous_slow,3,48,Resp t-45s,Resp,45,slow 20-45 s,0.00453749,0.99772868
homogeneous_slow,3,48,Temp t-1s,Temp,1,fast 1-3 s,0.99760259,0.04896340
homogeneous_slow,3,48,Temp t-3s,Temp,3,fast 1-3 s,0.99756365,0.04935938
homogeneous_slow,3,48,Temp t-8s,Temp,8,mid 8 s,0.99701437,0.05464092
homogeneous_slow,3,48,Temp t-20s,Temp,20,slow 20-45 s,0.99657186,0.05855031
homogeneous_slow,3,48,Temp t-45s,Temp,45,slow 20-45 s,0.99407145,0.07699709
homogeneous_slow,3,48,HR t-1s,HR,1,fast 1-3 s,0.97122072,0.16964457
homogeneous_slow,3,48,HR t-3s,HR,3,fast 1-3 s,0.93535443,0.25425494
homogeneous_slow,3,48,HR t-8s,HR,8,mid 8 s,0.89729801,0.32047151
homogeneous_slow,3,48,HR t-20s,HR,20,slow 20-45 s,0.86687777,0.36485919
homogeneous_slow,3,48,HR t-45s,HR,45,slow 20-45 s,0.83139801,0.41061173
homogeneous_slow,4,48,EDA t-1s,EDA,1,fast 1-3 s,0.99915372,0.02909091
homogeneous_slow,4,48,EDA t-3s,EDA,3,fast 1-3 s,0.99898344,0.03188348
homogeneous_slow,4,48,EDA t-8s,EDA,8,mid 8 s,0.99843767,0.03952628
homogeneous_slow,4,48,EDA t-20s,EDA,20,slow 20-45 s,0.99797789,0.04496785
homogeneous_slow,4,48,EDA t-45s,EDA,45,slow 20-45 s,0.99667199,0.05768893
homogeneous_slow,4,48,Resp t-1s,Resp,1,fast 1-3 s,0.35587303,0.80257521
homogeneous_slow,4,48,Resp t-3s,Resp,3,fast 1-3 s,0.04377392,0.97786813
homogeneous_slow,4,48,Resp t-8s,Resp,8,mid 8 s,0.01018243,0.99489576
homogeneous_slow,4,48,Resp t-20s,Resp,20,slow 20-45 s,0.00574064,0.99712555
homogeneous_slow,4,48,Resp t-45s,Resp,45,slow 20-45 s,0.00441803,0.99778854
homogeneous_slow,4,48,Temp t-1s,Temp,1,fast 1-3 s,0.99771411,0.04781101
homogeneous_slow,4,48,Temp t-3s,Temp,3,fast 1-3 s,0.99758638,0.04912863
homogeneous_slow,4,48,Temp t-8s,Temp,8,mid 8 s,0.99705256,0.05429032
homogeneous_slow,4,48,Temp t-20s,Temp,20,slow 20-45 s,0.99661418,0.05818776
homogeneous_slow,4,48,Temp t-45s,Temp,45,slow 20-45 s,0.99471749,0.07268085
homogeneous_slow,4,48,HR t-1s,HR,1,fast 1-3 s,0.96211170,0.19464916
homogeneous_slow,4,48,HR t-3s,HR,3,fast 1-3 s,0.93478804,0.25536633
homogeneous_slow,4,48,HR t-8s,HR,8,mid 8 s,0.88715124,0.33592970
homogeneous_slow,4,48,HR t-20s,HR,20,slow 20-45 s,0.86333388,0.36968381
homogeneous_slow,4,48,HR t-45s,HR,45,slow 20-45 s,0.83046646,0.41174450
homogeneous_slow,5,48,EDA t-1s,EDA,1,fast 1-3 s,0.99901727,0.03134846
homogeneous_slow,5,48,EDA t-3s,EDA,3,fast 1-3 s,0.99896457,0.03217815
homogeneous_slow,5,48,EDA t-8s,EDA,8,mid 8 s,0.99836251,0.04046590
homogeneous_slow,5,48,EDA t-20s,EDA,20,slow 20-45 s,0.99797474,0.04500284
homogeneous_slow,5,48,EDA t-45s,EDA,45,slow 20-45 s,0.99674100,0.05708766
homogeneous_slow,5,48,Resp t-1s,Resp,1,fast 1-3 s,0.34792070,0.80751427
homogeneous_slow,5,48,Resp t-3s,Resp,3,fast 1-3 s,0.02956907,0.98510453
homogeneous_slow,5,48,Resp t-8s,Resp,8,mid 8 s,0.00974118,0.99511749
homogeneous_slow,5,48,Resp t-20s,Resp,20,slow 20-45 s,0.00557001,0.99721111
homogeneous_slow,5,48,Resp t-45s,Resp,45,slow 20-45 s,0.00460100,0.99769685
homogeneous_slow,5,48,Temp t-1s,Temp,1,fast 1-3 s,0.99761089,0.04887850
homogeneous_slow,5,48,Temp t-3s,Temp,3,fast 1-3 s,0.99758075,0.04918592
homogeneous_slow,5,48,Temp t-8s,Temp,8,mid 8 s,0.99696758,0.05506744
homogeneous_slow,5,48,Temp t-20s,Temp,20,slow 20-45 s,0.99667063,0.05770067
homogeneous_slow,5,48,Temp t-45s,Temp,45,slow 20-45 s,0.99426459,0.07573249
homogeneous_slow,5,48,HR t-1s,HR,1,fast 1-3 s,0.96381176,0.19023206
homogeneous_slow,5,48,HR t-3s,HR,3,fast 1-3 s,0.93437912,0.25616573
homogeneous_slow,5,48,HR t-8s,HR,8,mid 8 s,0.88805199,0.33458633
homogeneous_slow,5,48,HR t-20s,HR,20,slow 20-45 s,0.86265051,0.37060692
homogeneous_slow,5,48,HR t-45s,HR,45,slow 20-45 s,0.82854594,0.41407012
homogeneous_slow,6,48,EDA t-1s,EDA,1,fast 1-3 s,0.99914477,0.02924426
homogeneous_slow,6,48,EDA t-3s,EDA,3,fast 1-3 s,0.99900539,0.03153749
homogeneous_slow,6,48,EDA t-8s,EDA,8,mid 8 s,0.99839951,0.04000611
homogeneous_slow,6,48,EDA t-20s,EDA,20,slow 20-45 s,0.99804396,0.04422710
homogeneous_slow,6,48,EDA t-45s,EDA,45,slow 20-45 s,0.99685945,0.05604065
homogeneous_slow,6,48,Resp t-1s,Resp,1,fast 1-3 s,0.35318458,0.80424836
homogeneous_slow,6,48,Resp t-3s,Resp,3,fast 1-3 s,0.03852906,0.98054625
homogeneous_slow,6,48,Resp t-8s,Resp,8,mid 8 s,0.01034545,0.99481383
homogeneous_slow,6,48,Resp t-20s,Resp,20,slow 20-45 s,0.00572033,0.99713573
homogeneous_slow,6,48,Resp t-45s,Resp,45,slow 20-45 s,0.00410958,0.99794310
homogeneous_slow,6,48,Temp t-1s,Temp,1,fast 1-3 s,0.99772325,0.04771530
homogeneous_slow,6,48,Temp t-3s,Temp,3,fast 1-3 s,0.99758671,0.04912524
homogeneous_slow,6,48,Temp t-8s,Temp,8,mid 8 s,0.99707715,0.05406340
homogeneous_slow,6,48,Temp t-20s,Temp,20,slow 20-45 s,0.99662443,0.05809964
homogeneous_slow,6,48,Temp t-45s,Temp,45,slow 20-45 s,0.99447808,0.07430964
homogeneous_slow,6,48,HR t-1s,HR,1,fast 1-3 s,0.97497950,0.15817870
homogeneous_slow,6,48,HR t-3s,HR,3,fast 1-3 s,0.93490958,0.25512825
homogeneous_slow,6,48,HR t-8s,HR,8,mid 8 s,0.90047292,0.31547912
homogeneous_slow,6,48,HR t-20s,HR,20,slow 20-45 s,0.86962632,0.36107295
homogeneous_slow,6,48,HR t-45s,HR,45,slow 20-45 s,0.83212852,0.40972123
homogeneous_slow,7,48,EDA t-1s,EDA,1,fast 1-3 s,0.99914994,0.02915574
homogeneous_slow,7,48,EDA t-3s,EDA,3,fast 1-3 s,0.99900753,0.03150348
homogeneous_slow,7,48,EDA t-8s,EDA,8,mid 8 s,0.99839307,0.04008649
homogeneous_slow,7,48,EDA t-20s,EDA,20,slow 20-45 s,0.99805428,0.04411034
homogeneous_slow,7,48,EDA t-45s,EDA,45,slow 20-45 s,0.99688780,0.05578709
homogeneous_slow,7,48,Resp t-1s,Resp,1,fast 1-3 s,0.35659610,0.80212462
homogeneous_slow,7,48,Resp t-3s,Resp,3,fast 1-3 s,0.04383243,0.97783821
homogeneous_slow,7,48,Resp t-8s,Resp,8,mid 8 s,0.00913736,0.99542083
homogeneous_slow,7,48,Resp t-20s,Resp,20,slow 20-45 s,0.00551694,0.99723771
homogeneous_slow,7,48,Resp t-45s,Resp,45,slow 20-45 s,0.00451384,0.99774053
homogeneous_slow,7,48,Temp t-1s,Temp,1,fast 1-3 s,0.99756011,0.04939526
homogeneous_slow,7,48,Temp t-3s,Temp,3,fast 1-3 s,0.99756390,0.04935687
homogeneous_slow,7,48,Temp t-8s,Temp,8,mid 8 s,0.99694276,0.05529228
homogeneous_slow,7,48,Temp t-20s,Temp,20,slow 20-45 s,0.99655649,0.05868146
homogeneous_slow,7,48,Temp t-45s,Temp,45,slow 20-45 s,0.99364661,0.07970813
homogeneous_slow,7,48,HR t-1s,HR,1,fast 1-3 s,0.96191698,0.19514871
homogeneous_slow,7,48,HR t-3s,HR,3,fast 1-3 s,0.93440599,0.25611328
homogeneous_slow,7,48,HR t-8s,HR,8,mid 8 s,0.88531004,0.33865907
homogeneous_slow,7,48,HR t-20s,HR,20,slow 20-45 s,0.86245946,0.37086458
homogeneous_slow,7,48,HR t-45s,HR,45,slow 20-45 s,0.82338657,0.42025400
homogeneous_slow,8,48,EDA t-1s,EDA,1,fast 1-3 s,0.99907214,0.03046075
homogeneous_slow,8,48,EDA t-3s,EDA,3,fast 1-3 s,0.99898753,0.03181940
homogeneous_slow,8,48,EDA t-8s,EDA,8,mid 8 s,0.99836025,0.04049383
homogeneous_slow,8,48,EDA t-20s,EDA,20,slow 20-45 s,0.99803828,0.04429136
homogeneous_slow,8,48,EDA t-45s,EDA,45,slow 20-45 s,0.99670157,0.05743193
homogeneous_slow,8,48,Resp t-1s,Resp,1,fast 1-3 s,0.35328036,0.80418881
homogeneous_slow,8,48,Resp t-3s,Resp,3,fast 1-3 s,0.03349134,0.98311172
homogeneous_slow,8,48,Resp t-8s,Resp,8,mid 8 s,0.01019469,0.99488960
homogeneous_slow,8,48,Resp t-20s,Resp,20,slow 20-45 s,0.00567237,0.99715978
homogeneous_slow,8,48,Resp t-45s,Resp,45,slow 20-45 s,0.00443757,0.99777875
homogeneous_slow,8,48,Temp t-1s,Temp,1,fast 1-3 s,0.99759492,0.04904160
homogeneous_slow,8,48,Temp t-3s,Temp,3,fast 1-3 s,0.99756330,0.04936290
homogeneous_slow,8,48,Temp t-8s,Temp,8,mid 8 s,0.99698963,0.05486679
homogeneous_slow,8,48,Temp t-20s,Temp,20,slow 20-45 s,0.99656700,0.05859177
homogeneous_slow,8,48,Temp t-45s,Temp,45,slow 20-45 s,0.99397842,0.07759886
homogeneous_slow,8,48,HR t-1s,HR,1,fast 1-3 s,0.96990686,0.17347374
homogeneous_slow,8,48,HR t-3s,HR,3,fast 1-3 s,0.93434044,0.25624121
homogeneous_slow,8,48,HR t-8s,HR,8,mid 8 s,0.89496410,0.32409242
homogeneous_slow,8,48,HR t-20s,HR,20,slow 20-45 s,0.86472552,0.36779679
homogeneous_slow,8,48,HR t-45s,HR,45,slow 20-45 s,0.82676984,0.41620927
homogeneous_slow,9,48,EDA t-1s,EDA,1,fast 1-3 s,0.99898601,0.03184327
homogeneous_slow,9,48,EDA t-3s,EDA,3,fast 1-3 s,0.99895557,0.03231766
homogeneous_slow,9,48,EDA t-8s,EDA,8,mid 8 s,0.99833958,0.04074825
homogeneous_slow,9,48,EDA t-20s,EDA,20,slow 20-45 s,0.99796481,0.04511303
homogeneous_slow,9,48,EDA t-45s,EDA,45,slow 20-45 s,0.99661307,0.05819737
homogeneous_slow,9,48,Resp t-1s,Resp,1,fast 1-3 s,0.35459973,0.80336808
homogeneous_slow,9,48,Resp t-3s,Resp,3,fast 1-3 s,0.03966343,0.97996764
homogeneous_slow,9,48,Resp t-8s,Resp,8,mid 8 s,0.01004744,0.99496360
homogeneous_slow,9,48,Resp t-20s,Resp,20,slow 20-45 s,0.00569680,0.99714753
homogeneous_slow,9,48,Resp t-45s,Resp,45,slow 20-45 s,0.00464230,0.99767615
homogeneous_slow,9,48,Temp t-1s,Temp,1,fast 1-3 s,0.99761147,0.04887255
homogeneous_slow,9,48,Temp t-3s,Temp,3,fast 1-3 s,0.99757164,0.04927842
homogeneous_slow,9,48,Temp t-8s,Temp,8,mid 8 s,0.99700211,0.05475300
homogeneous_slow,9,48,Temp t-20s,Temp,20,slow 20-45 s,0.99664510,0.05792149
homogeneous_slow,9,48,Temp t-45s,Temp,45,slow 20-45 s,0.99490856,0.07135432
homogeneous_slow,9,48,HR t-1s,HR,1,fast 1-3 s,0.96004679,0.19988298
homogeneous_slow,9,48,HR t-3s,HR,3,fast 1-3 s,0.93466670,0.25560379
homogeneous_slow,9,48,HR t-8s,HR,8,mid 8 s,0.88490508,0.33925642
homogeneous_slow,9,48,HR t-20s,HR,20,slow 20-45 s,0.86291115,0.37025511
homogeneous_slow,9,48,HR t-45s,HR,45,slow 20-45 s,0.83005966,0.41223821
heterogeneous,0,48,EDA t-1s,EDA,1,fast 1-3 s,0.99931895,0.02609691
heterogeneous,0,48,EDA t-3s,EDA,3,fast 1-3 s,0.99885367,0.03385749
heterogeneous,0,48,EDA t-8s,EDA,8,mid 8 s,0.99847258,0.03908219
heterogeneous,0,48,EDA t-20s,EDA,20,slow 20-45 s,0.99754551,0.04954284
heterogeneous,0,48,EDA t-45s,EDA,45,slow 20-45 s,0.99537630,0.06799782
heterogeneous,0,48,Resp t-1s,Resp,1,fast 1-3 s,0.45563032,0.73781412
heterogeneous,0,48,Resp t-3s,Resp,3,fast 1-3 s,0.15478296,0.91935686
heterogeneous,0,48,Resp t-8s,Resp,8,mid 8 s,0.03982489,0.97988525
heterogeneous,0,48,Resp t-20s,Resp,20,slow 20-45 s,0.00322116,0.99838812
heterogeneous,0,48,Resp t-45s,Resp,45,slow 20-45 s,0.00112313,0.99943828
heterogeneous,0,48,Temp t-1s,Temp,1,fast 1-3 s,0.99794382,0.04534516
heterogeneous,0,48,Temp t-3s,Temp,3,fast 1-3 s,0.99747085,0.05029061
heterogeneous,0,48,Temp t-8s,Temp,8,mid 8 s,0.99707824,0.05405330
heterogeneous,0,48,Temp t-20s,Temp,20,slow 20-45 s,0.99576872,0.06504828
heterogeneous,0,48,Temp t-45s,Temp,45,slow 20-45 s,0.98965969,0.10168732
heterogeneous,0,48,HR t-1s,HR,1,fast 1-3 s,0.98891355,0.10529222
heterogeneous,0,48,HR t-3s,HR,3,fast 1-3 s,0.97305781,0.16414076
heterogeneous,0,48,HR t-8s,HR,8,mid 8 s,0.91650112,0.28896173
heterogeneous,0,48,HR t-20s,HR,20,slow 20-45 s,0.86004065,0.37411142
heterogeneous,0,48,HR t-45s,HR,45,slow 20-45 s,0.81312682,0.43228831
heterogeneous,1,48,EDA t-1s,EDA,1,fast 1-3 s,0.99944703,0.02351536
heterogeneous,1,48,EDA t-3s,EDA,3,fast 1-3 s,0.99890177,0.03313955
heterogeneous,1,48,EDA t-8s,EDA,8,mid 8 s,0.99846646,0.03916039
heterogeneous,1,48,EDA t-20s,EDA,20,slow 20-45 s,0.99753789,0.04961969
heterogeneous,1,48,EDA t-45s,EDA,45,slow 20-45 s,0.99459968,0.07348689
heterogeneous,1,48,Resp t-1s,Resp,1,fast 1-3 s,0.40751096,0.76973310
heterogeneous,1,48,Resp t-3s,Resp,3,fast 1-3 s,0.15194331,0.92089994
heterogeneous,1,48,Resp t-8s,Resp,8,mid 8 s,0.04154350,0.97900792
heterogeneous,1,48,Resp t-20s,Resp,20,slow 20-45 s,0.00523728,0.99737792
heterogeneous,1,48,Resp t-45s,Resp,45,slow 20-45 s,0.00264782,0.99867521
heterogeneous,1,48,Temp t-1s,Temp,1,fast 1-3 s,0.99791247,0.04568946
heterogeneous,1,48,Temp t-3s,Temp,3,fast 1-3 s,0.99759714,0.04901897
heterogeneous,1,48,Temp t-8s,Temp,8,mid 8 s,0.99729266,0.05203215
heterogeneous,1,48,Temp t-20s,Temp,20,slow 20-45 s,0.99601511,0.06312596
heterogeneous,1,48,Temp t-45s,Temp,45,slow 20-45 s,0.99141607,0.09264952
heterogeneous,1,48,HR t-1s,HR,1,fast 1-3 s,0.98901896,0.10479047
heterogeneous,1,48,HR t-3s,HR,3,fast 1-3 s,0.96270215,0.19312651
heterogeneous,1,48,HR t-8s,HR,8,mid 8 s,0.91593124,0.28994613
heterogeneous,1,48,HR t-20s,HR,20,slow 20-45 s,0.87118245,0.35891162
heterogeneous,1,48,HR t-45s,HR,45,slow 20-45 s,0.82321386,0.42045944
heterogeneous,2,48,EDA t-1s,EDA,1,fast 1-3 s,0.99946059,0.02322512
heterogeneous,2,48,EDA t-3s,EDA,3,fast 1-3 s,0.99889705,0.03321066
heterogeneous,2,48,EDA t-8s,EDA,8,mid 8 s,0.99856750,0.03784840
heterogeneous,2,48,EDA t-20s,EDA,20,slow 20-45 s,0.99758451,0.04914758
heterogeneous,2,48,EDA t-45s,EDA,45,slow 20-45 s,0.99553316,0.06683440
heterogeneous,2,48,Resp t-1s,Resp,1,fast 1-3 s,0.41994668,0.76161231
heterogeneous,2,48,Resp t-3s,Resp,3,fast 1-3 s,0.14892134,0.92253924
heterogeneous,2,48,Resp t-8s,Resp,8,mid 8 s,0.04035101,0.97961676
heterogeneous,2,48,Resp t-20s,Resp,20,slow 20-45 s,0.00464280,0.99767590
heterogeneous,2,48,Resp t-45s,Resp,45,slow 20-45 s,0.00214154,0.99892866
heterogeneous,2,48,Temp t-1s,Temp,1,fast 1-3 s,0.99796983,0.04505746
heterogeneous,2,48,Temp t-3s,Temp,3,fast 1-3 s,0.99764956,0.04848135
heterogeneous,2,48,Temp t-8s,Temp,8,mid 8 s,0.99727887,0.05216448
heterogeneous,2,48,Temp t-20s,Temp,20,slow 20-45 s,0.99620665,0.06159020
heterogeneous,2,48,Temp t-45s,Temp,45,slow 20-45 s,0.98823623,0.10846093
heterogeneous,2,48,HR t-1s,HR,1,fast 1-3 s,0.98765886,0.11109069
heterogeneous,2,48,HR t-3s,HR,3,fast 1-3 s,0.96101550,0.19744493
heterogeneous,2,48,HR t-8s,HR,8,mid 8 s,0.90502580,0.30817884
heterogeneous,2,48,HR t-20s,HR,20,slow 20-45 s,0.85975307,0.37449556
heterogeneous,2,48,HR t-45s,HR,45,slow 20-45 s,0.80728526,0.43899287
heterogeneous,3,48,EDA t-1s,EDA,1,fast 1-3 s,0.99949121,0.02255633
heterogeneous,3,48,EDA t-3s,EDA,3,fast 1-3 s,0.99892240,0.03282682
heterogeneous,3,48,EDA t-8s,EDA,8,mid 8 s,0.99847984,0.03898919
heterogeneous,3,48,EDA t-20s,EDA,20,slow 20-45 s,0.99757920,0.04920166
heterogeneous,3,48,EDA t-45s,EDA,45,slow 20-45 s,0.99153030,0.09203097
heterogeneous,3,48,Resp t-1s,Resp,1,fast 1-3 s,0.41207223,0.76676448
heterogeneous,3,48,Resp t-3s,Resp,3,fast 1-3 s,0.16800232,0.91213907
heterogeneous,3,48,Resp t-8s,Resp,8,mid 8 s,0.04299999,0.97826377
heterogeneous,3,48,Resp t-20s,Resp,20,slow 20-45 s,0.00471689,0.99763877
heterogeneous,3,48,Resp t-45s,Resp,45,slow 20-45 s,0.00214888,0.99892498
heterogeneous,3,48,Temp t-1s,Temp,1,fast 1-3 s,0.99797373,0.04501416
heterogeneous,3,48,Temp t-3s,Temp,3,fast 1-3 s,0.99755030,0.04949449
heterogeneous,3,48,Temp t-8s,Temp,8,mid 8 s,0.99729711,0.05198928
heterogeneous,3,48,Temp t-20s,Temp,20,slow 20-45 s,0.99635499,0.06037388
heterogeneous,3,48,Temp t-45s,Temp,45,slow 20-45 s,0.99265520,0.08570179
heterogeneous,3,48,HR t-1s,HR,1,fast 1-3 s,0.98876766,0.10598274
heterogeneous,3,48,HR t-3s,HR,3,fast 1-3 s,0.97320518,0.16369124
heterogeneous,3,48,HR t-8s,HR,8,mid 8 s,0.91982481,0.28315224
heterogeneous,3,48,HR t-20s,HR,20,slow 20-45 s,0.86639531,0.36551976
heterogeneous,3,48,HR t-45s,HR,45,slow 20-45 s,0.81785154,0.42678854
heterogeneous,4,48,EDA t-1s,EDA,1,fast 1-3 s,0.99948617,0.02266786
heterogeneous,4,48,EDA t-3s,EDA,3,fast 1-3 s,0.99892835,0.03273605
heterogeneous,4,48,EDA t-8s,EDA,8,mid 8 s,0.99865329,0.03669754
heterogeneous,4,48,EDA t-20s,EDA,20,slow 20-45 s,0.99738078,0.05117829
heterogeneous,4,48,EDA t-45s,EDA,45,slow 20-45 s,0.99308591,0.08315103
heterogeneous,4,48,Resp t-1s,Resp,1,fast 1-3 s,0.39603556,0.77715149
heterogeneous,4,48,Resp t-3s,Resp,3,fast 1-3 s,0.16001000,0.91650968
heterogeneous,4,48,Resp t-8s,Resp,8,mid 8 s,0.04004431,0.97977328
heterogeneous,4,48,Resp t-20s,Resp,20,slow 20-45 s,0.00469798,0.99764824
heterogeneous,4,48,Resp t-45s,Resp,45,slow 20-45 s,0.00190804,0.99904552
heterogeneous,4,48,Temp t-1s,Temp,1,fast 1-3 s,0.99793163,0.04547931
heterogeneous,4,48,Temp t-3s,Temp,3,fast 1-3 s,0.99767299,0.04823907
heterogeneous,4,48,Temp t-8s,Temp,8,mid 8 s,0.99728078,0.05214612
heterogeneous,4,48,Temp t-20s,Temp,20,slow 20-45 s,0.99641471,0.05987726
heterogeneous,4,48,Temp t-45s,Temp,45,slow 20-45 s,0.98694056,0.11427791
heterogeneous,4,48,HR t-1s,HR,1,fast 1-3 s,0.98877335,0.10595590
heterogeneous,4,48,HR t-3s,HR,3,fast 1-3 s,0.97134188,0.16928710
heterogeneous,4,48,HR t-8s,HR,8,mid 8 s,0.92214596,0.27902336
heterogeneous,4,48,HR t-20s,HR,20,slow 20-45 s,0.86943663,0.36133554
heterogeneous,4,48,HR t-45s,HR,45,slow 20-45 s,0.81789338,0.42673953
heterogeneous,5,48,EDA t-1s,EDA,1,fast 1-3 s,0.99941365,0.02421464
heterogeneous,5,48,EDA t-3s,EDA,3,fast 1-3 s,0.99885090,0.03389838
heterogeneous,5,48,EDA t-8s,EDA,8,mid 8 s,0.99844413,0.03944452
heterogeneous,5,48,EDA t-20s,EDA,20,slow 20-45 s,0.99738533,0.05113381
heterogeneous,5,48,EDA t-45s,EDA,45,slow 20-45 s,0.98964429,0.10176301
heterogeneous,5,48,Resp t-1s,Resp,1,fast 1-3 s,0.40563527,0.77095054
heterogeneous,5,48,Resp t-3s,Resp,3,fast 1-3 s,0.15285526,0.92040466
heterogeneous,5,48,Resp t-8s,Resp,8,mid 8 s,0.03655348,0.98155312
heterogeneous,5,48,Resp t-20s,Resp,20,slow 20-45 s,0.00522663,0.99738326
heterogeneous,5,48,Resp t-45s,Resp,45,slow 20-45 s,0.00216051,0.99891916
heterogeneous,5,48,Temp t-1s,Temp,1,fast 1-3 s,0.99792785,0.04552092
heterogeneous,5,48,Temp t-3s,Temp,3,fast 1-3 s,0.99753992,0.04959922
heterogeneous,5,48,Temp t-8s,Temp,8,mid 8 s,0.99719897,0.05292480
heterogeneous,5,48,Temp t-20s,Temp,20,slow 20-45 s,0.99599960,0.06324874
heterogeneous,5,48,Temp t-45s,Temp,45,slow 20-45 s,0.98701632,0.11394595
heterogeneous,5,48,HR t-1s,HR,1,fast 1-3 s,0.98818045,0.10871773
heterogeneous,5,48,HR t-3s,HR,3,fast 1-3 s,0.96242255,0.19384904
heterogeneous,5,48,HR t-8s,HR,8,mid 8 s,0.90555702,0.30731577
heterogeneous,5,48,HR t-20s,HR,20,slow 20-45 s,0.86510145,0.36728538
heterogeneous,5,48,HR t-45s,HR,45,slow 20-45 s,0.77613094,0.47314803
heterogeneous,6,48,EDA t-1s,EDA,1,fast 1-3 s,0.99939554,0.02458572
heterogeneous,6,48,EDA t-3s,EDA,3,fast 1-3 s,0.99884230,0.03402499
heterogeneous,6,48,EDA t-8s,EDA,8,mid 8 s,0.99844707,0.03940729
heterogeneous,6,48,EDA t-20s,EDA,20,slow 20-45 s,0.99730968,0.05186833
heterogeneous,6,48,EDA t-45s,EDA,45,slow 20-45 s,0.98585842,0.11891837
heterogeneous,6,48,Resp t-1s,Resp,1,fast 1-3 s,0.44036697,0.74808624
heterogeneous,6,48,Resp t-3s,Resp,3,fast 1-3 s,0.15431065,0.91961370
heterogeneous,6,48,Resp t-8s,Resp,8,mid 8 s,0.03875749,0.98042976
heterogeneous,6,48,Resp t-20s,Resp,20,slow 20-45 s,0.00457497,0.99770989
heterogeneous,6,48,Resp t-45s,Resp,45,slow 20-45 s,0.00168076,0.99915927
heterogeneous,6,48,Temp t-1s,Temp,1,fast 1-3 s,0.99800947,0.04461530
heterogeneous,6,48,Temp t-3s,Temp,3,fast 1-3 s,0.99752258,0.04977366
heterogeneous,6,48,Temp t-8s,Temp,8,mid 8 s,0.99717451,0.05315534
heterogeneous,6,48,Temp t-20s,Temp,20,slow 20-45 s,0.99590520,0.06399059
heterogeneous,6,48,Temp t-45s,Temp,45,slow 20-45 s,0.99159332,0.09168797
heterogeneous,6,48,HR t-1s,HR,1,fast 1-3 s,0.98861473,0.10670180
heterogeneous,6,48,HR t-3s,HR,3,fast 1-3 s,0.96818090,0.17837909
heterogeneous,6,48,HR t-8s,HR,8,mid 8 s,0.91624696,0.28940117
heterogeneous,6,48,HR t-20s,HR,20,slow 20-45 s,0.87063060,0.35967958
heterogeneous,6,48,HR t-45s,HR,45,slow 20-45 s,0.82378087,0.41978463
heterogeneous,7,48,EDA t-1s,EDA,1,fast 1-3 s,0.99940371,0.02441911
heterogeneous,7,48,EDA t-3s,EDA,3,fast 1-3 s,0.99903913,0.03099786
heterogeneous,7,48,EDA t-8s,EDA,8,mid 8 s,0.99844719,0.03940573
heterogeneous,7,48,EDA t-20s,EDA,20,slow 20-45 s,0.99790373,0.04578506
heterogeneous,7,48,EDA t-45s,EDA,45,slow 20-45 s,0.99492386,0.07124701
heterogeneous,7,48,Resp t-1s,Resp,1,fast 1-3 s,0.37801775,0.78865852
heterogeneous,7,48,Resp t-3s,Resp,3,fast 1-3 s,0.15444775,0.91953915
heterogeneous,7,48,Resp t-8s,Resp,8,mid 8 s,0.04023024,0.97967840
heterogeneous,7,48,Resp t-20s,Resp,20,slow 20-45 s,0.00430445,0.99784545
heterogeneous,7,48,Resp t-45s,Resp,45,slow 20-45 s,0.00216033,0.99891925
heterogeneous,7,48,Temp t-1s,Temp,1,fast 1-3 s,0.99798699,0.04486656
heterogeneous,7,48,Temp t-3s,Temp,3,fast 1-3 s,0.99773374,0.04760525
heterogeneous,7,48,Temp t-8s,Temp,8,mid 8 s,0.99701531,0.05463233
heterogeneous,7,48,Temp t-20s,Temp,20,slow 20-45 s,0.99620092,0.06163666
heterogeneous,7,48,Temp t-45s,Temp,45,slow 20-45 s,0.98377456,0.12737910
heterogeneous,7,48,HR t-1s,HR,1,fast 1-3 s,0.98710926,0.11353738
heterogeneous,7,48,HR t-3s,HR,3,fast 1-3 s,0.95298867,0.21682096
heterogeneous,7,48,HR t-8s,HR,8,mid 8 s,0.89977837,0.31657800
heterogeneous,7,48,HR t-20s,HR,20,slow 20-45 s,0.86549694,0.36674659
heterogeneous,7,48,HR t-45s,HR,45,slow 20-45 s,0.82065425,0.42349233
heterogeneous,8,48,EDA t-1s,EDA,1,fast 1-3 s,0.99949418,0.02249051
heterogeneous,8,48,EDA t-3s,EDA,3,fast 1-3 s,0.99901095,0.03144923
heterogeneous,8,48,EDA t-8s,EDA,8,mid 8 s,0.99872088,0.03576475
heterogeneous,8,48,EDA t-20s,EDA,20,slow 20-45 s,0.99751385,0.04986127
heterogeneous,8,48,EDA t-45s,EDA,45,slow 20-45 s,0.99564146,0.06601922
heterogeneous,8,48,Resp t-1s,Resp,1,fast 1-3 s,0.40742243,0.76979060
heterogeneous,8,48,Resp t-3s,Resp,3,fast 1-3 s,0.15461763,0.91944678
heterogeneous,8,48,Resp t-8s,Resp,8,mid 8 s,0.04427054,0.97761417
heterogeneous,8,48,Resp t-20s,Resp,20,slow 20-45 s,0.00529697,0.99734800
heterogeneous,8,48,Resp t-45s,Resp,45,slow 20-45 s,0.00227273,0.99886299
heterogeneous,8,48,Temp t-1s,Temp,1,fast 1-3 s,0.99795987,0.04516780
heterogeneous,8,48,Temp t-3s,Temp,3,fast 1-3 s,0.99761841,0.04880158
heterogeneous,8,48,Temp t-8s,Temp,8,mid 8 s,0.99730051,0.05195660
heterogeneous,8,48,Temp t-20s,Temp,20,slow 20-45 s,0.99535640,0.06814397
heterogeneous,8,48,Temp t-45s,Temp,45,slow 20-45 s,0.99031122,0.09843160
heterogeneous,8,48,HR t-1s,HR,1,fast 1-3 s,0.98848762,0.10729576
heterogeneous,8,48,HR t-3s,HR,3,fast 1-3 s,0.97207250,0.16711523
heterogeneous,8,48,HR t-8s,HR,8,mid 8 s,0.91668505,0.28864328
heterogeneous,8,48,HR t-20s,HR,20,slow 20-45 s,0.86892330,0.36204517
heterogeneous,8,48,HR t-45s,HR,45,slow 20-45 s,0.81344797,0.43191669
heterogeneous,9,48,EDA t-1s,EDA,1,fast 1-3 s,0.99937777,0.02494455
heterogeneous,9,48,EDA t-3s,EDA,3,fast 1-3 s,0.99882112,0.03433480
heterogeneous,9,48,EDA t-8s,EDA,8,mid 8 s,0.99860103,0.03740275
heterogeneous,9,48,EDA t-20s,EDA,20,slow 20-45 s,0.99736232,0.05135833
heterogeneous,9,48,EDA t-45s,EDA,45,slow 20-45 s,0.99556222,0.06661664
heterogeneous,9,48,Resp t-1s,Resp,1,fast 1-3 s,0.43365763,0.75255722
heterogeneous,9,48,Resp t-3s,Resp,3,fast 1-3 s,0.17566657,0.90792810
heterogeneous,9,48,Resp t-8s,Resp,8,mid 8 s,0.04119852,0.97918409
heterogeneous,9,48,Resp t-20s,Resp,20,slow 20-45 s,0.00573768,0.99712703
heterogeneous,9,48,Resp t-45s,Resp,45,slow 20-45 s,0.00355342,0.99822171
heterogeneous,9,48,Temp t-1s,Temp,1,fast 1-3 s,0.99790204,0.04580352
heterogeneous,9,48,Temp t-3s,Temp,3,fast 1-3 s,0.99742256,0.05076849
heterogeneous,9,48,Temp t-8s,Temp,8,mid 8 s,0.99716450,0.05324937
heterogeneous,9,48,Temp t-20s,Temp,20,slow 20-45 s,0.99580048,0.06480368
heterogeneous,9,48,Temp t-45s,Temp,45,slow 20-45 s,0.97939012,0.14356140
heterogeneous,9,48,HR t-1s,HR,1,fast 1-3 s,0.98883154,0.10568095
heterogeneous,9,48,HR t-3s,HR,3,fast 1-3 s,0.95521499,0.21162469
heterogeneous,9,48,HR t-8s,HR,8,mid 8 s,0.90026787,0.31580394
heterogeneous,9,48,HR t-20s,HR,20,slow 20-45 s,0.86067645,0.37326070
heterogeneous,9,48,HR t-45s,HR,45,slow 20-45 s,0.81508239,0.43002047
